{
  "centerline": 4003.8897081999994,
  "upperControlLimit": 5153.142341843614,
  "lowerControlLimit": 2854.6370745563845,
  "meanMovingRange": 432.1189902499991,
  "basePoints": 5,
  "signals": [],
  "inControl": true,
  "series": [
    3962.5405410000003,
    4373.613958000001,
    4401.687334,
    3464.654958000001,
    3816.9517499999984
  ]
}
